{"name": "HybridMps SQLITE GHZ Circuit Medians", "max_qubits": 100, "num_iterations": 50, "times": {"2": 0.0013551960000768304, "3": 0.0024813024988361576, "4": 0.0036279970008763485, "5": 0.0046963344998403045, "6": 0.005823908500588004, "7": 0.006833479001215892, "8": 0.008082589499281312, "9": 0.009635238000100799, "10": 0.010686361999887595, "11": 0.011552580499483156, "12": 0.012497635499585158, "13": 0.013757768999312248, "14": 0.0148801410005035, "15": 0.016039411000292603, "16": 0.017088826001327106, "17": 0.018212923001101444, "18": 0.019242701000166562, "19": 0.020416922000549675, "20": 0.02155833550159514, "21": 0.022704237500420277, "22": 0.023815752500922827, "23": 0.025241009499495703, "24": 0.026497680499232956, "25": 0.02734564049887922, "26": 0.028864314499969623, "27": 0.03045707700175626, "28": 0.030198015000223677, "29": 0.03085812699964663, "30": 0.03201755600139222, "31": 0.032509949999166565, "32": 0.03390771700060213, "33": 0.035254668499419495, "34": 0.03597547149956881, "35": 0.03691623650047404, "36": 0.03817215650269645, "37": 0.03918528699841772, "38": 0.04022410799689169, "39": 0.041224186501040094, "40": 0.04205505649679253, "41": 0.04310687600082019, "42": 0.04420494899704863, "43": 0.04537440000149218, "44": 0.046823491999475664, "45": 0.04765658850010368, "46": 0.04860063199976139, "47": 0.0497118444991429, "48": 0.05057866300103342, "49": 0.051886171498608746, "50": 0.052854806498999096, "51": 0.05415494300041246, "52": 0.05495108099967183, "53": 0.055906805503127543, "54": 0.057319113499488594, "55": 0.05856905050313799, "56": 0.05963783099878128, "57": 0.0605741285021395, "58": 0.06175278299815545, "59": 0.062563250002313, "60": 0.06409230750068673, "61": 0.06526072600172483, "62": 0.06618768800490216, "63": 0.06734807449856817, "64": 0.06793764300300609, "65": 0.06882719599798293, "66": 0.0700720584982264, "67": 0.07124467500307219, "68": 0.07187814249891744, "69": 0.07330616749777619, "70": 0.07420304000015676, "71": 0.07526441850268384, "72": 0.076107124000373, "73": 0.07740421350035831, "74": 0.07821318849846648, "75": 0.07943605999844294, "76": 0.0807699779993527, "77": 0.08201768750041083, "78": 0.08268340950053243, "79": 0.08407625700147037, "80": 0.08475659349915077, "81": 0.08629610649768438, "82": 0.08733931899814706, "83": 0.08851268399894252, "84": 0.08947050149754432, "85": 0.09054645150126817, "86": 0.09168103999718369, "87": 0.09280415450257351, "88": 0.09334798600139038, "89": 0.09449814799972955, "90": 0.09563971650050007, "91": 0.09689640499891539, "92": 0.09809995199975674, "93": 0.09913390500514652, "94": 0.09990865800227766, "95": 0.10073727099961616, "96": 0.10192888099982156, "97": 0.10291176500413712, "98": 0.10398046599902955, "99": 0.10526992100312782, "100": 0.10607574750247295}}