{"name": "sqlite_mps GHZ Circuit", "max_qubits": 100, "num_iterations": 50, "times": {"2": 0.0003863326273858547, "3": 0.0007500830106437206, "4": 0.0010571458842605352, "5": 0.001390998950228095, "6": 0.0017837285995483398, "7": 0.0021158538293093443, "8": 0.0024330834858119488, "9": 0.002817478496581316, "10": 0.003070353763177991, "11": 0.0034320594277232885, "12": 0.0037370005156844854, "13": 0.004018645733594894, "14": 0.004435957409441471, "15": 0.0047000860795378685, "16": 0.005133563186973333, "17": 0.00542047992348671, "18": 0.005740875843912363, "19": 0.006038896273821592, "20": 0.006386020220816135, "21": 0.0067335807252675295, "22": 0.007097919005900621, "23": 0.007558729266747832, "24": 0.007690520025789738, "25": 0.007955476874485612, "26": 0.008208082057535648, "27": 0.008636728627607226, "28": 0.00914550176821649, "29": 0.010001958813518286, "30": 0.009624207159504294, "31": 0.009911356959491968, "32": 0.01036050240509212, "33": 0.010426794644445181, "34": 0.010962475556880236, "35": 0.01116670691408217, "36": 0.011655977927148342, "37": 0.012005498865619302, "38": 0.012219041585922241, "39": 0.012547976803034544, "40": 0.01285135606303811, "41": 0.013293331256136298, "42": 0.013737917179241776, "43": 0.013913748087361455, "44": 0.014167975168675184, "45": 0.014569334452971816, "46": 0.01493274956010282, "47": 0.015336274867877364, "48": 0.015678586438298225, "49": 0.01588075002655387, "50": 0.016195003874599934, "51": 0.01655160286463797, "52": 0.016952000558376312, "53": 0.017017478356137872, "54": 0.01754246512427926, "55": 0.01777099841274321, "56": 0.018107665702700615, "57": 0.018387063406407833, "58": 0.018791544251143932, "59": 0.018968413583934307, "60": 0.019435293972492218, "61": 0.01970671024173498, "62": 0.019908128771930933, "63": 0.020505411317571998, "64": 0.020613065222278237, "65": 0.02101379120722413, "66": 0.021227228455245495, "67": 0.021701751509681344, "68": 0.022343352437019348, "69": 0.022624875884503126, "70": 0.022625314304605126, "71": 0.02335716807283461, "72": 0.023634626530110836, "73": 0.024205373832955956, "74": 0.0242546908557415, "75": 0.024526564870029688, "76": 0.02481723320670426, "77": 0.025371401105076075, "78": 0.02553223678842187, "79": 0.025876786559820175, "80": 0.026355663780122995, "81": 0.02698416425846517, "82": 0.027261459967121482, "83": 0.027637606021016836, "84": 0.028747945092618465, "85": 0.027999921003356576, "86": 0.028481959365308285, "87": 0.02878081100061536, "88": 0.029184998711571097, "89": 0.029553518164902925, "90": 0.029889103258028626, "91": 0.03042031265795231, "92": 0.030443310737609863, "93": 0.031431750394403934, "94": 0.031625266652554274, "95": 0.031384876696392894, "96": 0.03189428453333676, "97": 0.032352891052141786, "98": 0.03209398174658418, "99": 0.03222377458587289, "100": 0.03273585299029946}}