{"name": "HybridMps SQLITE GHZ Circuit Medians", "max_qubits": 20, "num_iterations": 50, "times": {"2": 0.0013618300017697038, "3": 0.002495039001587429, "4": 0.0035297234971949365, "5": 0.004725430500911898, "6": 0.0056429519991070265, "7": 0.006861785504952422, "8": 0.007875896999394172, "9": 0.009069812496818486, "10": 0.009990737997213728, "11": 0.011047674001019914, "12": 0.012074584998117643, "13": 0.013303881998581346, "14": 0.014289654001913732, "15": 0.01559840149457159, "16": 0.016419711502749124, "17": 0.01754211898878566, "18": 0.018761420502414694, "19": 0.019689905990162515, "20": 0.020768752494404907}}