{"name": "HybridMps SQLITE GHZ Circuit Medians", "max_qubits": 100, "num_iterations": 50, "times": {"2": 0.0005509993061423302, "3": 0.0009103131014853716, "4": 0.0013040404301136732, "5": 0.0016201657708734274, "6": 0.0019362708553671837, "7": 0.002235271269455552, "8": 0.002565602771937847, "9": 0.0029017720371484756, "10": 0.003199936356395483, "11": 0.003522583981975913, "12": 0.0037980214692652225, "13": 0.0041326645296067, "14": 0.0044633932411670685, "15": 0.004777626600116491, "16": 0.005075417459011078, "17": 0.005402663256973028, "18": 0.005744145018979907, "19": 0.00601583463139832, "20": 0.006381958490237594, "21": 0.006670918082818389, "22": 0.0069700421299785376, "23": 0.007260980783030391, "24": 0.007600290700793266, "25": 0.007936541689559817, "26": 0.008252897299826145, "27": 0.008562729693949223, "28": 0.008845917414873838, "29": 0.009178625419735909, "30": 0.009479166474193335, "31": 0.009844434447586536, "32": 0.010127377463504672, "33": 0.010454747593030334, "34": 0.010796582093462348, "35": 0.011104621458798647, "36": 0.011409189319238067, "37": 0.011686396086588502, "38": 0.012076187180355191, "39": 0.012365857139229774, "40": 0.012689185095950961, "41": 0.012966959504410625, "42": 0.013312353985384107, "43": 0.013585689710453153, "44": 0.013890815433114767, "45": 0.014285605633631349, "46": 0.0144932318944484, "47": 0.014813565416261554, "48": 0.01517642056569457, "49": 0.015542210079729557, "50": 0.015864664455875754, "51": 0.01609698194079101, "52": 0.016410456504672766, "53": 0.016722644679248333, "54": 0.01704396097920835, "55": 0.017288646195083857, "56": 0.017572810174897313, "57": 0.017978979973122478, "58": 0.018317310605198145, "59": 0.018712457502260804, "60": 0.018927269848063588, "61": 0.019255939172580838, "62": 0.019600853556767106, "63": 0.019919126760214567, "64": 0.02018675277940929, "65": 0.02056208159774542, "66": 0.02087473194114864, "67": 0.02120556402951479, "68": 0.021576727740466595, "69": 0.021748794009909034, "70": 0.022111727623268962, "71": 0.022445984184741974, "72": 0.02269587037153542, "73": 0.023104456020519137, "74": 0.023272416554391384, "75": 0.023699537850916386, "76": 0.023993395268917084, "77": 0.024303807877004147, "78": 0.024553894298151135, "79": 0.02497745444998145, "80": 0.025261580478399992, "81": 0.0255536250770092, "82": 0.02596672740764916, "83": 0.026228039991110563, "84": 0.02639491274021566, "85": 0.026781581342220306, "86": 0.027111058123409748, "87": 0.027526790043339133, "88": 0.028296540258452296, "89": 0.02820801711641252, "90": 0.028447001706808805, "91": 0.02876591426320374, "92": 0.028971164487302303, "93": 0.029214497888460755, "94": 0.029769396409392357, "95": 0.029939288971945643, "96": 0.030281234765425324, "97": 0.030531686497852206, "98": 0.030820740154013038, "99": 0.03115566703490913, "100": 0.03154389816336334}}