{"name": "HybridMps SQLITE GHZ Circuit Medians", "max_qubits": 20, "num_iterations": 100, "times": {"2": 0.0005637297872453928, "3": 0.0009830628987401724, "4": 0.0013472915161401033, "5": 0.0016676890663802624, "6": 0.0020148330368101597, "7": 0.0023411253932863474, "8": 0.002664834028109908, "9": 0.003001709235832095, "10": 0.003342332085594535, "11": 0.0036811884492635727, "12": 0.004006520612165332, "13": 0.004332394106313586, "14": 0.004652082221582532, "15": 0.004990603309124708, "16": 0.005343063268810511, "17": 0.00565041764639318, "18": 0.005976834567263722, "19": 0.006300853798165917, "20": 0.006618855753913522}}