{"name": "HybridMps SQLITE GHZ Circuit Medians", "max_qubits": 10, "num_iterations": 10, "times": {"2": 0.0006060211453586817, "3": 0.0010298131965100765, "4": 0.001340020215138793, "5": 0.0016589583829045296, "6": 0.0019483549986034632, "7": 0.002281978726387024, "8": 0.0025878548622131348, "9": 0.002951854607090354, "10": 0.0032169162295758724}}