{"name": "sqlite_mps GHZ Circuit", "max_qubits": 10, "num_iterations": 10, "times": {"2": [0.009694791864603758, 0.0011204159818589687, 0.0010716672986745834, 0.0009214160963892937, 0.000769458245486021, 0.000859708059579134, 0.0006120419129729271, 0.0005696248263120651, 0.0005742083303630352, 0.0005465000867843628], "3": [0.0010782075114548206, 0.0010100407525897026, 0.0010318327695131302, 0.0019433340057730675, 0.0012365011498332024, 0.002766834571957588, 0.003867626190185547, 0.0014736242592334747, 0.002485374454408884, 0.002245374023914337], "4": [0.004139123018831015, 0.00212116539478302, 0.0015216232277452946, 0.0014513321220874786, 0.003030125517398119, 0.0016648760065436363, 0.001862124539911747, 0.0015124990604817867, 0.0016267080791294575, 0.0014364155940711498], "5": [0.0018265005201101303, 0.001887790858745575, 0.001857333816587925, 0.0020689568482339382, 0.001915997825562954, 0.0018721655942499638, 0.00183516601100564, 0.00190716702491045, 0.003235375974327326, 0.0019125863909721375], "6": [0.002634624019265175, 0.003325333818793297, 0.0026472932659089565, 0.002789122983813286, 0.002754583489149809, 0.0023841657675802708, 0.0023827478289604187, 0.0024840831756591797, 0.002215124201029539, 0.0020550000481307507], "7": [0.0024099573493003845, 0.002411958761513233, 0.002397333737462759, 0.0026534590870141983, 0.0024326657876372337, 0.0023817913606762886, 0.0023359181359410286, 0.002407748717814684, 0.002421291545033455, 0.0025435020215809345], "8": [0.0027781249955296516, 0.0027222917415201664, 0.0037907478399574757, 0.0027186665683984756, 0.0027920864522457123, 0.002724332269281149, 0.0027992520481348038, 0.002834626007825136, 0.0030938321724534035, 0.0038194176740944386], "9": [0.003204917535185814, 0.0034464988857507706, 0.0032712924294173717, 0.0031226249411702156, 0.0031275409273803234, 0.0039055398665368557, 0.002809208817780018, 0.0028014183044433594, 0.002759043127298355, 0.003000291995704174], "10": [0.003402292262762785, 0.0040503316558897495, 0.003064290154725313, 0.003019584808498621, 0.0031496244482696056, 0.003083915449678898, 0.0030658720061182976, 0.00382162444293499, 0.003060626797378063, 0.00310429185628891]}}