{"max_qubits": 10, "num_iterations": 10, "times": {"2": [[0.00015316717326641083, 0.006192208267748356], [0.00013141566887497902, 0.0007790001109242439], [0.0001194588840007782, 0.0007615829817950726], [0.00011133309453725815, 0.0006657079793512821], [0.00011341599747538567, 0.000665958970785141], [0.00010212510824203491, 0.0006429171189665794], [0.0001088753342628479, 0.000716374721378088], [0.00010737497359514236, 0.0005518337711691856], [9.16672870516777e-05, 0.000494333915412426], [7.937522605061531e-05, 0.0004742080345749855]], "3": [[8.025020360946655e-05, 0.0004691248759627342, 0.0005252496339380741], [9.212503209710121e-05, 0.00045945821329951286, 0.0004948331043124199], [0.00011745840311050415, 0.0012211669236421585, 0.000710667110979557], [0.00010637519881129265, 0.0006589158438146114, 0.002938958816230297], [0.00011162459850311279, 0.0007587922737002373, 0.00068995775654912], [0.00012466683983802795, 0.0006837500259280205, 0.0007283338345587254], [0.0001193750649690628, 0.0007114172913134098, 0.0007718331180512905], [0.00011520832777023315, 0.0006714588962495327, 0.0007330421358346939], [0.00011491728946566582, 0.0006615826860070229, 0.0007079578936100006], [0.00010316725820302963, 0.000733416061848402, 0.0008183326572179794]], "4": [[0.00011858297511935234, 0.0008277497254312038, 0.000983125064522028, 0.0005727922543883324], [0.00011108303442597389, 0.0005195001140236855, 0.000512292142957449, 0.000469917431473732], [9.729200974106789e-05, 0.00047341594472527504, 0.00048120832070708275, 0.00045079179108142853], [0.00013258308172225952, 0.0009015840478241444, 0.0007320004515349865, 0.0006696670316159725], [0.00011512497439980507, 0.0008422499522566795, 0.0006890827789902687, 0.0006518750451505184], [0.00011333264410495758, 0.0006863749586045742, 0.0040445830672979355, 0.000774875283241272], [0.00011766701936721802, 0.0006474996916949749, 0.000672709196805954, 0.00064858328551054], [7.975008338689804e-05, 0.0004849592223763466, 0.0005721249617636204, 0.0006683329120278358], [0.00010529207065701485, 0.0005336669273674488, 0.0005156248807907104, 0.00047291582450270653], [8.520809933543205e-05, 0.00046691717579960823, 0.000515457708388567, 0.00044841691851615906]], "5": [[8.920812979340553e-05, 0.0004502907395362854, 0.0004888749681413174, 0.000437708105891943, 0.0004364168271422386], [8.5457693785429e-05, 0.0004465831443667412, 0.00047054095193743706, 0.00044495798647403717, 0.00043966667726635933], [8.175009861588478e-05, 0.00043716607615351677, 0.0004936670884490013, 0.00042787473648786545, 0.0004360419698059559], [8.404208347201347e-05, 0.00043854210525751114, 0.000468249898403883, 0.00043566711246967316, 0.00045237503945827484], [8.095800876617432e-05, 0.0007992908358573914, 0.0005944170989096165, 0.0005682921037077904, 0.0005392078310251236], [9.541679173707962e-05, 0.0005446248687803745, 0.0005456670187413692, 0.0005108332261443138, 0.0005168751813471317], [0.00011024996638298035, 0.001966167241334915, 0.000563708133995533, 0.0005220002494752407, 0.0005172081291675568], [9.199976921081543e-05, 0.0005550417117774487, 0.0005503748543560505, 0.000510707963258028, 0.00047220801934599876], [8.683372288942337e-05, 0.0004474995657801628, 0.00046220794320106506, 0.0004610843025147915, 0.0004557911306619644], [8.44169408082962e-05, 0.00044304225593805313, 0.0004903748631477356, 0.0006340411491692066, 0.0005259169265627861]], "6": [[9.795930236577988e-05, 0.000499458983540535, 0.0005247499793767929, 0.00048170797526836395, 0.00046116719022393227, 0.0004592076875269413], [8.837506175041199e-05, 0.0004508746787905693, 0.00047220801934599876, 0.0004375423304736614, 0.0004337918944656849, 0.00042970897629857063], [8.733337745070457e-05, 0.0004470827989280224, 0.0004648752510547638, 0.0004369583912193775, 0.00043945806100964546, 0.0004308330826461315], [8.470797911286354e-05, 0.0004382501356303692, 0.00045779068022966385, 0.00043570902198553085, 0.000428707804530859, 0.00042995763942599297], [8.5500068962574e-05, 0.00045083416625857353, 0.0004670419730246067, 0.00043020816519856453, 0.00042845914140343666, 0.0004859999753534794], [0.00010716728866100311, 0.0005244999192655087, 0.004336833022534847, 0.0005333749577403069, 0.00047566602006554604, 0.00044904183596372604], [8.620927110314369e-05, 0.0004555000923573971, 0.0004648752510547638, 0.0004420420154929161, 0.00043504172936081886, 0.0004274998791515827], [8.104182779788971e-05, 0.00043858401477336884, 0.00045620789751410484, 0.0004264158196747303, 0.00042399996891617775, 0.0004230407066643238], [7.074978202581406e-05, 0.0003828341141343117, 0.0003985827788710594, 0.0003725839778780937, 0.00037170806899666786, 0.00036900024861097336], [8.11251811683178e-05, 0.0004352498799562454, 0.0004186248406767845, 0.00039845798164606094, 0.0003798333927989006, 0.0003903750330209732]], "7": [[7.254118099808693e-05, 0.00038904091343283653, 0.00039733387529850006, 0.0003787502646446228, 0.00036962470039725304, 0.000370291993021965, 0.00036737509071826935], [6.933324038982391e-05, 0.0003739590756595135, 0.0003942498005926609, 0.00036783376708626747, 0.00036841677501797676, 0.0003631250001490116, 0.0003608325496315956], [6.858259439468384e-05, 0.00037562521174550056, 0.0003949161618947983, 0.00036733318120241165, 0.0003720000386238098, 0.00036512501537799835, 0.0003699162043631077], [8.291704580187798e-05, 0.0003975830040872097, 0.00041633425280451775, 0.00038849981501698494, 0.001450999639928341, 0.0004166252911090851, 0.0003847917541861534], [8.05421732366085e-05, 0.00038499990478157997, 0.00040120771154761314, 0.0005697091110050678, 0.0004514171741902828, 0.0004326249472796917, 0.00040508294478058815], [8.062506094574928e-05, 0.0004127081483602524, 0.0004203328862786293, 0.00038733286783099174, 0.00039108283817768097, 0.0003870418295264244, 0.0003720000386238098], [7.204199209809303e-05, 0.0004159579984843731, 0.00040908297523856163, 0.00037733279168605804, 0.0003730407916009426, 0.0003682924434542656, 0.00036450009793043137], [6.979191675782204e-05, 0.0003902497701346874, 0.0003953329287469387, 0.000372542068362236, 0.0003955001011490822, 0.0003643333911895752, 0.00036520790308713913], [6.983289495110512e-05, 0.000375374685972929, 0.00039008399471640587, 0.0003853747621178627, 0.0003886250779032707, 0.00037216581404209137, 0.00039412500336766243], [6.979145109653473e-05, 0.00038829119876027107, 0.0004016249440610409, 0.00038287509232759476, 0.0004048328846693039, 0.00041783275082707405, 0.0003994586877524853]],