{"name": "sqlite_mps GHZ Circuit", "max_qubits": 50, "num_iterations": 500, "times": {"2": 0.00033920910209417343, "3": 0.000650312751531601, "4": 0.0009898960124701262, "5": 0.0013325626496225595, "6": 0.0016647910233587027, "7": 0.002028479240834713, "8": 0.0023657490964978933, "9": 0.0027251876890659332, "10": 0.0030792909674346447, "11": 0.0034272721968591213, "12": 0.003808083012700081, "13": 0.0041506674606353045, "14": 0.004440836375579238, "15": 0.004763060947880149, "16": 0.0051393958274275064, "17": 0.005523645551875234, "18": 0.005832709604874253, "19": 0.0062030216213315725, "20": 0.006601771106943488, "21": 0.006906354567036033, "22": 0.007332082139328122, "23": 0.007378497626632452, "24": 0.007765439571812749, "25": 0.008076582802459598, "26": 0.008451416390016675, "27": 0.008776145987212658, "28": 0.009027623105794191, "29": 0.009204040747135878, "30": 0.009586146799847484, "31": 0.009921875316649675, "32": 0.010186353698372841, "33": 0.010483207879588008, "34": 0.010765019804239273, "35": 0.011200998676940799, "36": 0.011580829042941332, "37": 0.01198620698414743, "38": 0.012389434734359384, "39": 0.012677129125222564, "40": 0.01311310613527894, "41": 0.013154852204024792, "42": 0.013495395891368389, "43": 0.013907309854403138, "44": 0.014250059612095356, "45": 0.014753830386325717, "46": 0.015151935629546642, "47": 0.015099707059562206, "48": 0.01575128873810172, "49": 0.015758522553369403, "50": 0.016141252359375358}}