{"name": "sqlite_mps GHZ Circuit", "max_qubits": 10, "num_iterations": 500, "times": {"2": 0.0002548320007917937, "3": 0.0004618594994099112, "4": 0.0006483090000983793, "5": 0.0008356059979632846, "6": 0.001032253499943181, "7": 0.001210354499562527, "8": 0.0014184689980538678, "9": 0.0016262814997389796, "10": 0.0018076895012200112}}