{"name": "sqlite_mps GHZ Circuit", "max_qubits": 100, "num_iterations": 250, "times": {"2": 0.00025568350065441336, "3": 0.0004539520014077425, "4": 0.0006566540014318889, "5": 0.0008508880009685527, "6": 0.0010180355002376018, "7": 0.0012153079997005989, "8": 0.001399029001731833, "9": 0.0015817439971215208, "10": 0.0017764014983185916, "11": 0.001965194503100065, "12": 0.0021622019994538277, "13": 0.0023493469971072045, "14": 0.0025150715009658597, "15": 0.0027110280016131583, "16": 0.0029138935014998424, "17": 0.003087807996053016, "18": 0.00336246449387545, "19": 0.003535252001711342, "20": 0.0037958425009492203, "21": 0.003992208499767003, "22": 0.004155881503720593, "23": 0.004349295003521547, "24": 0.004583898998134828, "25": 0.004726722498162417, "26": 0.004903760001070623, "27": 0.005130538998855627, "28": 0.005304574999172473, "29": 0.005537765005101392, "30": 0.005711031495593488, "31": 0.00593868600026326, "32": 0.00610634250278963, "33": 0.006293836503573402, "34": 0.006437842498598911, "35": 0.0066425590057406225, "36": 0.006902975999764749, "37": 0.007064222502776829, "38": 0.00728140500086738, "39": 0.007597484499456186, "40": 0.007816911000190885, "41": 0.007909403501798806, "42": 0.008059472997956618, "43": 0.008216130499022256, "44": 0.00832621900644881, "45": 0.008552248995329137, "46": 0.008806771502349875, "47": 0.008957039998676919, "48": 0.009173177499178564, "49": 0.009323654498984979, "50": 0.009464327997193323, "51": 0.009667695998359704, "52": 0.009827824001149565, "53": 0.010031777508629602, "54": 0.010347861000809644, "55": 0.010542640499807021, "56": 0.01067983000393724, "57": 0.011010487500243471, "58": 0.011034160003873694, "59": 0.011221663505239121, "60": 0.01148658349939069, "61": 0.011716600499312335, "62": 0.011735735995898722, "63": 0.012043748499309004, "64": 0.012270755001736688, "65": 0.012446635498235992, "66": 0.012571636499160377, "67": 0.01280078449872235, "68": 0.012879615504061803, "69": 0.013172959494113456, "70": 0.013317006497345574, "71": 0.013550928005315654, "72": 0.013787169003080635, "73": 0.014004343001033703, "74": 0.014321692498015182, "75": 0.014518552500703663, "76": 0.014499826997962373, "77": 0.014680815505016653, "78": 0.014940135492906848, "79": 0.015000092994341685, "80": 0.01514345500345371, "81": 0.015373499501947663, "82": 0.015584355001919903, "83": 0.01572450199728337, "84": 0.01591174300028797, "85": 0.016151819507285836, "86": 0.016297256004691008, "87": 0.01657609650555969, "88": 0.016726242001823266, "89": 0.01712168049380125, "90": 0.017267738999180438, "91": 0.017593508999198093, "92": 0.01787430798776768, "93": 0.01815429550333647, "94": 0.01838746100474964, "95": 0.01862925650220859, "96": 0.018718946008448256, "97": 0.018888079005591862, "98": 0.019170221996319015, "99": 0.019240969009842956, "100": 0.01914152499193733}}