{"name": "sqlite_mps GHZ Circuit", "max_qubits": 50, "num_iterations": 500, "times": {"2": 0.0002806875854730606, "3": 0.0005227087531238794, "4": 0.0008031241595745087, "5": 0.0010671466588974, "6": 0.0013366257771849632, "7": 0.0016099566128104925, "8": 0.001881999894976616, "9": 0.0021567277144640684, "10": 0.0024435226805508137, "11": 0.0027102900203317404, "12": 0.0029394568409770727, "13": 0.0031952091958373785, "14": 0.0034732907079160213, "15": 0.003760186256840825, "16": 0.004061730578541756, "17": 0.004272666061297059, "18": 0.004540519788861275, "19": 0.004806187469512224, "20": 0.0050493942108005285, "21": 0.005337188020348549, "22": 0.005552312126383185, "23": 0.005831748712807894, "24": 0.006024290109053254, "25": 0.006273332517594099, "26": 0.0066548308823257685, "27": 0.00678079342469573, "28": 0.007034356473013759, "29": 0.007361397612839937, "30": 0.007578043267130852, "31": 0.007882809964939952, "32": 0.008066189475357533, "33": 0.008327189832925797, "34": 0.008525104029104114, "35": 0.008836377644911408, "36": 0.008977289078757167, "37": 0.009278873912990093, "38": 0.009530730312690139, "39": 0.009839416248723865, "40": 0.010254604974761605, "41": 0.010376854334026575, "42": 0.01084339921362698, "43": 0.011164647527039051, "44": 0.01111850212328136, "45": 0.011262271786108613, "46": 0.011572314193472266, "47": 0.01192429382354021, "48": 0.012376145925372839, "49": 0.01272070687264204, "50": 0.012719581834971905}}